{"cameraMode":{"drawMode":0,"name":"Shaded","section":"Shading Mode"},"sceneLighting":true,"audioPlay":false,"sceneViewState":{"showFog":true,"showMaterialUpdate":false,"showSkybox":false,"showFlares":true,"showImageEffects":true,"showParticleSystems":true},"in2DMode":false,"pivot":{"x":-0.2160433530807495,"y":-0.5276472568511963,"z":0.7647970914840698},"rotation":{"x":-0.16402985155582429,"y":0.6665162444114685,"z":-0.15382371842861176,"w":-0.7107662558555603},"size":8.311599731445313,"orthographic":false}