{"cameraMode":{"drawMode":0,"name":"Shaded","section":"Shading Mode"},"sceneLighting":true,"audioPlay":false,"sceneViewState":{"showFog":true,"showMaterialUpdate":true,"showSkybox":false,"showFlares":true,"showImageEffects":true,"showParticleSystems":true},"in2DMode":false,"pivot":{"x":-0.2335042953491211,"y":-0.40661489963531496,"z":0.16552233695983888},"rotation":{"x":-0.1479746550321579,"y":-0.35585758090019228,"z":0.057172998785972598,"w":-0.920977771282196},"size":7.68726110458374,"orthographic":false}